{
  "means": [
    0.21145576238632202,
    0.1848326027393341,
    0.11237183213233948,
    0.4329654276371002,
    0.07976039499044418
  ],
  "stds": [
    0.06130913272500038,
    0.06799441576004028,
    0.05671534314751625,
    0.20296430587768555,
    0.19222021102905273
  ],
  "band_indices": [
    7,
    11,
    12,
    13,
    14
  ],
  "num_files": 7549
}